pop,fips
55514,01001
190790,01003
27201,01005
22597,01007
57826,01009
10474,01011
20307,01013
117296,01015
34064,01017
26021,01019
43819,01021
13633,01023
25161,01025
13435,01027
14832,01029
51252,01031
54446,01033
12981,01035
10966,01037
37955,01039
14083,01041
80440,01043
50444,01045
42864,01047
71080,01049
80629,01051
37994,01053
104392,01055
16983,01057
31761,01059
26931,01061
8876,01063
15388,01065
17287,01067
103402,01069
53019,01071
660009,01073
14259,01075
92542,01077
33838,01079
147257,01081
87654,01083
10857,01085
20535,01087
343080,01089
20401,01091
30327,01093
94776,01095
413936,01097
22602,01099
230149,01101
120395,01103
10181,01105
19405,01107
33182,01109
22675,01111
57820,01113
85237,01115
200941,01117
13427,01119
81762,01121
41168,01123
198596,01125
66221,01127
17109,01129
11431,01131
24108,01133
3161,02013
5547,02016
298610,02020
17746,02050
991,02060
1875,02068
5034,02070
100272,02090
2552,02100
2129,02105
32556,02110
56900,02122
13779,02130
14239,02150
1654,02164
93925,02170
9915,02180
9643,02185
7810,02188
3844,02195
5751,02198
9046,02220
959,02230
7144,02240
9717,02261
7809,02270
2403,02275
668,02282
5770,02290
73195,04001
132088,04003
136011,04005
53144,04007
37416,04009
8802,04011
20281,04012
3942169,04013
203334,04015
107094,04017
992394,04019
387365,04021
47303,04023
212637,04025
200022,04027
18892,05001
21524,05003
41048,05005
232268,05007
37327,05009
11397,05011
5307,05013
27610,05015
11433,05017
22936,05019
15684,05021
25808,05023
8627,05025
24473,05027
21287,05029
99735,05031
61946,05033
50021,05035
17683,05037
7987,05039
12545,05041
18743,05043
118704,05045
18045,05047
12318,05049
96903,05051
17986,05053
43163,05055
22373,05057
33394,05059
13735,05061
37025,05063
13474,05065
17600,05067
74723,05069
25901,05071
7447,05073
17012,05075
10216,05077
14101,05079
12919,05081
21983,05083
69839,05085
15645,05087
16568,05089
43634,05091
45562,05093
7828,05095
9340,05097
8925,05099
8086,05101
25396,05103
10339,05105
20784,05107
11247,05109
24307,05111
20471,05113
62765,05115
8458,05117
388953,05119
17930,05121
27858,05123
111845,05125
11010,05127
8007,05129
127304,05131
17177,05133
17054,05135
12663,05137
40867,05139
17030,05141
211411,05143
78493,05145
7100,05147
21932,05149
1554720,06001
1129,06003
37035,06005
221539,06007
44742,06009
21411,06011
1079597,06013
28290,06015
180561,06017
947895,06019
27992,06021
134827,06023
176948,06025
18495,06027
856158,06029
151364,06031
63983,06033
33658,06035
9962789,06037
152218,06039
256069,06041
17905,06043
87428,06045
262305,06047
9327,06049
14348,06051
426762,06053
139045,06055
98292,06057
3090132,06059
361682,06061
19399,06063
2268783,06065
1450121,06067
56884,06069
2081313,06071
3177063,06073
825863,06075
702612,06077
274804,06079
739311,06081
431249,06083
1837504,06085
266776,06087
178586,06089
3086,06091
44154,06093
420757,06095
491829,06097
521726,06099
95022,06101
63406,06103
13526,06105
451977,06107
54008,06109
835981,06111
204118,06113
72926,06115
459598,08001
16148,08003
595546,08005
12070,08007
3751,08009
5773,08011
305318,08013
58298,08014
18150,08015
1874,08017
9026,08019
8275,08021
3594,08023
5365,08025
4249,08027
30432,08029
634265,08031
1994,08033
298215,08035
51874,08037
23383,08039
644964,08041
46788,08043
56953,08045
5491,08047
14195,08049
15475,08051
810,08053
6596,08055
1348,08057
545358,08059
1444,08061
8094,08063
7338,08065
52401,08067
310487,08069
14945,08071
5453,08073
22631,08075
147848,08077
709,08079
13200,08081
25431,08083
40725,08085
28472,08087
18698,08089
4530,08091
16029,08093
4367,08095
17263,08097
12389,08099
160852,08101
6857,08103
11943,08105
23334,08107
6304,08109
690,08111
7580,08113
2383,08115
28044,08117
23389,08119
4766,08121
263691,08123
10119,08125
933835,09001
897259,09003
187530,09005
165602,09007
862813,09009
274170,09011
151539,09013
117599,09015
167626,10001
546076,10003
203390,10005
632323,11001
251417,12001
27086,12003
171903,12005
27049,12007
547307,12009
1815137,12011
14723,12013
162449,12015
139360,12017
194345,12019
332427,12021
67966,12023
34712,12027
16126,12029
879602,12031
302715,12033
98359,12035
11686,12037
46528,12039
16815,12041
13107,12043
15718,12045
14708,12047
27514,12049
37447,12051
173422,12053
98128,12055
1277746,12057
19804,12059
140567,12061
48968,12063
14256,12065
8804,12067
303186,12069
645293,12071
283769,12073
40025,12075
8276,12077
18907,12079
333895,12081
335125,12083
148817,12085
2591035,12086
74809,12087
74629,12089
190083,12091
39467,12093
1202234,12095
287416,12097
1356545,12099
470391,12101
921319,12103
616158,12105
73263,12107
202188,12109
283866,12111
158512,12113
386147,12115
430838,12117
101620,12119
43656,12121
22744,12123
15212,12125
496950,12127
30818,12129
57582,12131
24892,12133
18368,13001
8284,13003
11198,13005
3366,13007
46367,13009
18316,13011
70169,13013
100661,13015
17538,13017
19041,13019
156462,13021
12913,13023
18587,13025
15403,13027
32214,13029
72694,13031
23125,13033
23524,13035
6504,13037
51402,13039
11117,13043
111580,13045
65046,13047
13295,13049
276434,13051
13037,13053
25725,13055
221315,13057
120266,13059
3116,13061
265888,13063
6718,13065
707442,13067
43170,13069
46137,13071
131627,13073
16923,13075
130929,13077
12600,13079
23606,13081
16490,13083
22422,13085
27509,13087
707089,13089
21329,13091
14318,13093
94501,13095
133971,13097
10594,13099
3988,13101
53293,13103
19684,13105
22898,13107
10689,13109
23492,13111
107524,13113
96177,13115
187928,13117
21894,13119
977773,13121
28190,13123
3142,13125
81022,13127
55766,13129
25440,13131
16092,13133
842046,13135
43520,13137
185416,13139
8996,13141
28400,13143
32550,13145
25518,13147
11633,13149
209053,13151
146136,13153
9600,13155
60571,13157
13630,13159
15156,13161
16432,13163
9213,13165
9897,13167
28577,13169
18057,13171
10400,13173
48041,13175
28746,13177
65471,13179
7737,13181
16048,13183
114552,13185
30611,13187
21663,13189
13839,13191
14263,13193
27922,13195
8711,13197
21273,13199
5969,13201
23144,13205
26637,13207
8913,13209
17881,13211
39392,13213
198413,13215
101505,13217
33619,13219
14618,13221
144800,13223
27622,13225
29268,13227
18844,13229
17810,13231
41188,13233
11720,13235
21198,13237
2404,13239
16297,13241
7327,13243
202587,13245
85820,13247
4990,13249
14202,13251
8947,13253
63865,13255
25891,13257
6042,13259
31554,13261
6517,13263
1680,13265
25384,13267
8420,13269
16349,13271
9045,13273
44724,13275
41064,13277
27315,13279
10495,13281
6769,13283
68468,13285
8410,13287
8447,13289
21451,13291
26630,13293
68094,13295
84575,13297
35821,13299
5578,13301
20879,13303
30305,13305
2793,13307
7888,13309
27556,13311
103359,13313
9068,13315
10076,13317
9577,13319
21741,13321
189191,15001
976372,15003
90,15005
68434,15007
158226,15009
409061,16001
3915,16003
83800,16005
5907,16007
9117,16009
45474,16011
21146,16013
6835,16015
40476,16017
106684,16019
10808,16021
2740,16023
1077,16025
193888,16027
6787,16029
23249,16031
869,16033
8590,16035
4331,16037
26223,16039
12786,16041
12957,16043
16673,16045
15291,16047
16308,16049
26684,16051
22499,16053
142357,16055
38184,16057
7758,16059
3889,16061
5277,16063
37456,16065
20037,16067
39531,16069
4215,16071
11439,16073
22639,16075
7778,16077
12702,16079
10052,16081
78595,16083
9545,16085
10099,16087
67197,17001
7748,17003
17644,17005
53940,17007
6914,17009
34323,17011
5014,17013
15011,17015
13338,17017
203276,17019
34638,17021
16209,17023
13766,17025
38061,17027
53655,17029
5231351,17031
19600,17033
10968,17035
104704,17037
16434,17039
19853,17041
927987,17043
18191,17045
6684,17047
34353,17049
22014,17051
14008,17053
39407,17055
36651,17057
5430,17059
13576,17061
50281,17063
8370,17065
18891,17067
4258,17069
7043,17071
50155,17073
29240,17075
60071,17077
9614,17079
38720,17081
22742,17083
22549,17085
12760,17087
522487,17089
113040,17091
118105,17093
52247,17095
702120,17097
112973,17099
16604,17101
35037,17103
38647,17105
30013,17107
32537,17109
308145,17111
172281,17113
110122,17115
47231,17117
267883,17119
38894,17121
12327,17123
14327,17125
15234,17127
12722,17129
16219,17131
33357,17133
29620,17135
35272,17137
14933,17139
52848,17141
187254,17143
22058,17145
16504,17147
16308,17149
4272,17151
5998,17153
5886,17155
32956,17157
16176,17159
147457,17161
268858,17163
24946,17165
199271,17167
7457,17169
5290,17171
22196,17173
5946,17175
46959,17177
135949,17179
17647,17181
80727,17183
11727,17185
17731,17187
14598,17189
16574,17191
14568,17193
57846,17195
682518,17197
66674,17199
292069,17201
38971,17203
34365,18001
360412,18003
79129,18005
8804,18007
12502,18009
58944,18011
15083,18013
20095,18015
38581,18017
111951,18019
26837,18021
33022,18023
10665,18025
32064,18027
49831,18029
26042,18031
42321,18033
117364,18035
42071,18037
199619,18039
24029,18041
75283,18043
17119,18045
22969,18047
20737,18049
33458,18051
69330,18053
32940,18055
289495,18057
70933,18059
39134,18061
150434,18063
49345,18065
82849,18067
36987,18069
43083,18071
33456,18073
21366,18075
32554,18077
28161,18079
143191,18081
38122,18083
77609,18085
37521,18087
493618,18089
111246,18091
46078,18093
130348,18095
918977,18097
47024,18099
10260,18101
36486,18103
141019,18105
38254,18107
69356,18109
14044,18111
47582,18113
6079,18115
19690,18117
21380,18119
17069,18121
19462,18123
12766,18125
165682,18127
25599,18129
13124,18131
37750,18133
25815,18135
28583,18137
17095,18139
266344,18141
23791,18143
44471,18145
20837,18147
23213,18149
34124,18151
21188,18153
10424,18155
177513,18157
15695,18159
7362,18161
180858,18163
16040,18165
108428,18167
32361,18169
8342,18171
60463,18173
27921,18175
68346,18177
27652,18179
24426,18181
33342,18183
7481,19001
3911,19003
14237,19005
12700,19007
5910,19009
25827,19011
131820,19013
26195,19015
24479,19017
20942,19019
20592,19021
14986,19023
9909,19025
20631,19027
13723,19029
18416,19031
43788,19033
11946,19035
12276,19037
9370,19039
16599,19041
17835,19043
48717,19045
17309,19047
71967,19049
8689,19051
8253,19053
17574,19055
40340,19057
16972,19059
95097,19061
10120,19063
20793,19065
16056,19067
10554,19069
7147,19071
9153,19073
12448,19075
10777,19077
15344,19079
11134,19081
17302,19083
14548,19085
20236,19087
9563,19089
9729,19091
7108,19093
16189,19095
19712,19097
36602,19099
16867,19101
136317,19103
20639,19105
10374,19107
15346,19109
35617,19111
215295,19113
11278,19115
8760,19117
11757,19119
15654,19121
22443,19123
33419,19125
40857,19127
14837,19129
10725,19131
9124,19133
8063,19135
10566,19137
42879,19139
14172,19141
6193,19143
15713,19145
9275,19147
24907,19149
7150,19151
443710,19153
92913,19155
18736,19157
5096,19159
10153,19161
168799,19163
12069,19165
34268,19167
91140,19169
17536,19171
6208,19173
12594,19175
7449,19177
35366,19179
46891,19181
21914,19183
6344,19185
37273,19187
10600,19189
21061,19191
102323,19193
7519,19195
12991,19197
13319,20001
7917,20003
16813,20005
4861,20007
27557,20009
14897,20011
9881,20013
65827,20015
2757,20017
3571,20019
21226,20021
2678,20023
2181,20025
8531,20027
9397,20029
8502,20031
1913,20033
36288,20035
39361,20037
2871,20039
19762,20041
7864,20043
112864,20045
2979,20047
2720,20049
29053,20051
6494,20053
37200,20055
34752,20057
25906,20059
38013,20061
2729,20063
2578,20065
7923,20067
6030,20069
1298,20071
6454,20073
2639,20075
5911,20077
34852,20079
4256,20081
1963,20083
13449,20085
18945,20087
3046,20089
559913,20091
3968,20093
7863,20095
2496,20097
21284,20099
1704,20101
77739,20103
3174,20105
9441,20107
2784,20109
33748,20111
29356,20113
12347,20115
10022,20117
4396,20119
32612,20121
6355,20123
34459,20125
5854,20127
3169,20129
10132,20131
16406,20133
3068,20135
5612,20137
16142,20139
3806,20141
6072,20143
6928,20145
5519,20147
22302,20149
9728,20151
2560,20153
64438,20155
4858,20157
9985,20159
75508,20161
5223,20163
3220,20165
6946,20167
55988,20169
4937,20171
503889,20173
23547,20175
178991,20177
2538,20179
6113,20181
3765,20183
4358,20185
2175,20187
5756,20189
23674,20191
7941,20193
2986,20195
7039,20197
1517,20199
5758,20201
2256,20203
9105,20205
3278,20207
159129,20209
18675,21001
20210,21003
21728,21005
8333,21007
42631,21009
11802,21011
28183,21013
123316,21015
19978,21017
49164,21019
28658,21021
8494,21023
13635,21025
20071,21027
75896,21029
12840,21031
12935,21033
37655,21035
90908,21037
5034,21039
10900,21041
27348,21043
16082,21045
75427,21047
35787,21049
21556,21051
10285,21053
9280,21055
6819,21057
97847,21059
12071,21061
7780,21063
14493,21065
305489,21067
14560,21069
38949,21071
49804,21073
6525,21075
8479,21077
16913,21079
24485,21081
37544,21083
25964,21085
11315,21087
36707,21089
8677,21091
107025,21093
28543,21095
18624,21097
18366,21099
46513,21101
15318,21103
4754,21105
46718,21107
13331,21109
750828,21111
49635,21113
23383,21115
161711,21117
16124,21119
31735,21121
14151,21123
59462,21125
15848,21127
7706,21129
11170,21131
23952,21133
13835,21135
24461,21137
9423,21139
26646,21141
8351,21143
65549,21145
18069,21147
9506,21149
84786,21151
13041,21153
20090,21155
31344,21157
12743,21159
17512,21161
29237,21163
6220,21165
21261,21167
9969,21169
10821,21171
26902,21173
13668,21175
31181,21177
44319,21179
7000,21181
24075,21183
61412,21185
10765,21187
4722,21189
14604,21191
28241,21193
64178,21195
12483,21197
63593,21199
2188,21201
17006,21203
23447,21205
17497,21207
49057,21209
43614,21211
17538,21213
17416,21215
24691,21217
12651,21219
14447,21221
8787,21223
14850,21225
117110,21227
11833,21229
20824,21231
13583,21233
35499,21235
7164,21237
25077,21239
61912,22001
25539,22003
112286,22005
23026,22007
41632,22009
36281,22011
14076,22013
122197,22015
257093,22017
194493,22019
10004,22021
6702,22023
10292,22025
16828,22027
20365,22029
26963,22031
444526,22033
7526,22035
20008,22037
33710,22039
20561,22041
22068,22043
73999,22045
33228,22047
16216,22049
31432,22051
433676,22053
97029,22055
14927,22057
227055,22059
46953,22061
131942,22063
12154,22065
27559,22067
39436,22069
369250,22071
155363,22073
23921,22075
22726,22077
132373,22079
8983,22081
20921,22083
24325,22085
41635,22087
52681,22089
11071,22091
21722,22093
44758,22095
83662,22097
52726,22099
53697,22101
239453,22103
123441,22105
4954,22107
111893,22109
22419,22111
58723,22113
53869,22115
46670,22117
40940,22119
24106,22121
11512,22123
15405,22125
15000,22127
107609,23001
70868,23003
283921,23005
30630,23007
54558,23009
121853,23011
39668,23013
34180,23015
57481,23017
153746,23019
17290,23021
35191,23023
51910,23025
38820,23027
32462,23029
199005,23031
74012,24001
550488,24003
621342,24005
89628,24009
32718,24011
167217,24013
101696,24015
150592,24017
32551,24019
239582,24021
29854,24023
248622,24025
299430,24027
20191,24029
1004709,24031
881138,24033
48595,24035
108987,24037
26253,24039
38098,24041
149180,24043
100647,24045
51578,24047
817455,24510
215423,25001
130016,25003
551082,25005
17041,25007
755618,25009
71540,25011
465923,25013
159795,25015
1537215,25017
10298,25019
681845,25021
499759,25023
744426,25025
806163,25027
10635,26001
9541,26003
112039,26005
29234,26007
23406,26009
15477,26011
8683,26013
58990,26015
106935,26017
17465,26019
156067,26021
43868,26023
135099,26025
52242,26027
26023,26029
25835,26031
38917,26033
30753,26035
76001,26037
14009,26039
36884,26041
26220,26043
108008,26045
32915,26047
418408,26049
25484,26051
16084,26053
89112,26055
42063,26057
46229,26059
36520,26061
32463,26063
281723,26065
63941,26067
25357,26069
11587,26071
70617,26073
160309,26075
254580,26077
17099,26079
614462,26081
2215,26083
11498,26085
88173,26087
21607,26089
98987,26091
182838,26093
6522,26095
11137,26097
847383,26099
24672,26101
67906,26103
28680,26105
43318,26107
23815,26109
83822,26111
15031,26113
151048,26115
63097,26117
9476,26119
170182,26121
47959,26123
1220657,26125
26310,26127
21437,26129
6413,26131
23276,26133
8592,26135
24020,26137
269099,26139
13129,26141
24106,26143
198353,26145
160644,26147
60796,26149
42268,26151
8343,26153
69232,26155
54662,26157
75454,26159
350946,26161
1792365,26163
32608,26165
15927,27001
336414,27003
33000,27005
45375,27007
38865,27009
5164,27011
65091,27013
25425,27015
35348,27017
93707,27019
28357,27021
12135,27023
53452,27025
60155,27027
8703,27029
5185,27031
11597,27033
62882,27035
405088,27037
20231,27039
36415,27041
14263,27043
20834,27045
31054,27047
46336,27049
5944,27051
1184576,27053
18837,27055
20347,27057
38248,27059
45221,27061
10281,27063
16005,27065
42379,27067
4493,27069
13208,27071
7109,27073
10818,27075
3973,27077
27677,27079
5818,27081
25543,27083
36053,27085
5536,27087
9449,27089
20475,27091
23061,27093
25740,27095
33052,27097
39372,27099
8577,27101
32929,27103
21487,27105
6634,27107
147066,27109
57288,27111
14074,27113
29218,27115
9345,27117
31416,27119
10892,27121
520152,27123
4087,27125
15847,27127
15369,27129
64854,27131
9553,27133
15476,27135
200319,27137
135152,27139
89455,27141
15123,27143
151606,27145
36322,27147
9663,27149
9594,27151
24509,27153
3451,27155
21476,27157
13767,27159
19237,27161
244088,27163
11187,27165
6585,27167
51629,27169
127336,27171
10158,27173
32122,28001
37164,28003
12957,28005
19157,28007
8730,28009
33904,28011
14843,28013
10423,28015
17416,28017
8346,28019
9349,28021
16556,28023
20427,28025
25709,28027
28955,28029
19607,28031
166234,28033
76894,28035
7918,28037
22930,28039
14311,28041
21682,28043
45255,28045
194029,28047
248643,28049
18796,28051
9189,28053
1386,28055
23340,28057
140298,28059
16523,28061
7638,28063
12032,28065
68641,28067
10335,28069
49495,28071
57786,28073
80220,28075
12551,28077
23297,28079
85042,28081
30948,28083
34900,28085
59670,28087
98468,28089
26442,28091
36612,28093
36421,28095
10614,28097
29785,28099
21601,28101
11218,28103
48192,28105
34473,28107
55295,28109
12086,28111
40100,28113
30594,28115
25390,28117
7798,28119
145165,28121
28250,28123
4799,28125
27374,28127
16345,28129
18028,28131
28431,28133
15111,28135
28490,28137
22025,28139
19591,28141
10475,28143
27414,28145
15100,28147
48084,28149
49750,28151
20661,28153
10039,28155
9432,28157
19029,28159
12401,28161
28195,28163
25581,29001
17417,29003
5517,29005
25621,29007
35546,29009
12337,29011
16709,29013
18962,29015
12382,29017
168535,29019
89706,29021
43053,29023
9145,29025
44305,29027
43845,29029
76950,29031
9086,29033
6262,29035
100376,29037
13799,29039
7649,29041
79824,29043
6969,29045
227577,29047
20508,29049
76363,29051
17520,29053
24832,29055
7568,29057
16799,29059
8239,29061
12940,29063
15647,29065
13585,29067
31826,29069
101412,29071
14972,29073
6777,29075
280626,29077
10338,29079
8728,29081
22153,29083
9391,29085
4655,29087
10169,29089
40629,29091
10374,29093
677377,29095
115258,29097
220209,29099
54397,29101
4082,29103
35417,29105
33080,29107
38467,29109
10174,29111
53354,29113
12484,29115
15037,29117
22876,29119
15573,29121
12448,29123
9014,29125
28745,29127
3729,29129
24817,29131
14322,29133
15625,29135
8703,29137
11996,29139
20117,29141
18488,29143
59069,29145
23419,29147
10997,29149
13858,29151
9601,29153
18111,29155
19018,29157
42319,29159
44987,29161
18565,29163
92054,29165
31017,29167
53259,29169
4931,29171
10277,29173
25330,29175
23064,29177
6667,29179
14036,29181
368666,29183
9474,29185
17740,29186
65917,29187
318172,29189
23339,29195
4370,29197
4877,29199
39139,29201
8318,29203
6234,29205
29795,29207
31568,29209
6546,29211
52956,29213
25810,29215
20748,29217
32753,29219
25095,29221
13402,29223
36351,29225
2079,29227
18629,29229
1000438,29510
9346,30001
13061,30003
6683,30005
5756,30007
10127,30009
1177,30011
81723,30013
5904,30015
11888,30017
1786,30019
9249,30021
9227,30023
3024,30025
11435,30027
91633,30029
92614,30031
1261,30033
13711,30035
839,30037
3109,30039
16366,30041
11401,30043
2024,30045
28986,30047
64876,30049
2392,30051
19491,30053
1701,30055
7733,30057
1924,30059
4167,30061
110977,30063
4665,30065
15567,30067
511,30069
4128,30071
6165,30073
1763,30075
7096,30077
1157,30079
40617,30081
10810,30083
10927,30085
9396,30087
11408,30089
3580,30091
34403,30093
9195,30095
3605,30097
6053,30099
5220,30101
736,30103
7505,30105
2104,30107
1057,30109
151882,30111
31459,31001
6545,31003
486,31005
760,31007
514,31009
5417,31011
11317,31013
2054,31015
3023,31017
47463,31019
6659,31021
8295,31023
25133,31025
8746,31027
4064,31029
5727,31031
10068,31033
6411,31035
10653,31037
9072,31039
10740,31041
20918,31043
9152,31045
24220,31047
1972,31049
5918,31051
36427,31053
531265,31055
2021,31057
5771,31059
3188,31061
2741,31063
4907,31065
21806,31067
1953,31069
2007,31071
2029,31073
629,31075
2458,31077
60345,31079
9011,31081
3410,31083
953,31085
2887,31087
10396,31089
727,31091
6336,31093
7521,31095
5140,31097
6485,31099
8220,31101
804,31103
3783,31105
8573,31107
293407,31109
36099,31111
765,31113
589,31115
509,31117
35031,31119
7780,31121
4889,31123
3715,31125
7154,31127
4438,31129
15747,31131
2765,31133
2931,31135
9215,31137
7166,31139
32681,31141
5320,31143
10975,31145
8290,31147
1376,31149
14557,31151
165853,31153
20823,31155
36964,31157
16935,31159
5319,31161
3108,31163
1315,31165
6089,31167
5134,31169
676,31171
7020,31173
4229,31175
20252,31177
9554,31179
3725,31181
805,31183
13746,31185
24375,32001
2000759,32003
46996,32005
51216,32007
775,32009
2001,32011
17048,32013
5941,32015
5405,32017
51327,32019
4653,32021
42963,32023
6749,32027
3935,32029
429908,32031
10042,32033
54838,32510
60327,33001
47567,33003
76851,33005
32096,33007
89181,33009
402922,33011
146761,33013
297820,33015
124119,33017
43074,33019
275422,34001
918888,34003
451336,34005
513539,34007
96304,34009
157785,34011
787744,34013
289586,34015
652302,34017
127050,34019
368303,34021
823041,34023
629384,34025
497999,34027
580470,34029
502885,34031
65774,34033
327707,34035
147442,34037
543976,34039
107653,34041
673460,35001
3658,35003
65784,35005
27334,35006
13223,35007
49938,35009
1927,35011
214445,35013
54419,35015
29388,35017
4603,35019
707,35021
4794,35023
66338,35025
20309,35027
18159,35028
25041,35029
73016,35031
4705,35033
66041,35035
8769,35037
40318,35039
20419,35041
135588,35043
128529,35045
28891,35047
146375,35049
11895,35051
17603,35053
32779,35055
16021,35057
4431,35059
76631,35061
305455,36001
48357,36003
1408473,36005
198060,36007
79458,36009
79552,36011
133539,36013
88911,36015
49933,36017
81654,36019
62499,36021
49474,36023
47276,36025
297322,36027
919086,36029
38961,36031
51795,36033
54925,36035
59977,36037
48673,36039
4778,36041
64508,36043
120262,36045
2565635,36047
27224,36049
64810,36051
72382,36053
747813,36055
49941,36057
1349233,36059
1619090,36061
215124,36063
233556,36065
466852,36067
108519,36069
374512,36071
42836,36073
121700,36075
61709,36077
99607,36079
2272771,36081
159835,36083
470728,36085
317757,36087
112232,36089
222133,36091
155124,36093
32099,36095
18514,36097
35305,36099
99063,36101
1499273,36103
76793,36105
50478,36107
102554,36109
181791,36111
65538,36113
62934,36115
92962,36117
961670,36119
41892,36121
25344,36123
153920,37001
36853,37003
10927,37005
26351,37007
27097,37009
17635,37011
47507,37013
20653,37015
34915,37017
112257,37019
244490,37021
90505,37023
184498,37025
81930,37027
10090,37029
67632,37031
23217,37033
154339,37035
65976,37037
26992,37039
14772,37041
10618,37043
97474,37045
57638,37047
104770,37049
324049,37051
24077,37053
34573,37055
163260,37057
41433,37059
60033,37061
279641,37063
55954,37065
358137,37067
61475,37069
208049,37071
11869,37073
8700,37075
60436,37077
21429,37079
500879,37081
54006,37083
122135,37085
58908,37087
108266,37089
24438,37091
50536,37093
5859,37095
162708,37097
40448,37099
174938,37101
10275,37103
59715,37105
59227,37107
79313,37109
44998,37111
33869,37113
20742,37115
23961,37117
969031,37119
15368,37121
27668,37123
90302,37125
95708,37127
209234,37129
21428,37131
183263,37133
137941,37135
13074,37137
40591,37139
54195,37141
13563,37143
39268,37145
172554,37147
20271,37149
142466,37151
46627,37153
135496,37155
92720,37157
138180,37159
67323,37161
63949,37163
36094,37165
60576,37167
46783,37169
73561,37171
14141,37173
32849,37175
4338,37177
208520,37179
45132,37181
952151,37183
20576,37185
12736,37187
51871,37189
124246,37191
69306,37193
81867,37195
38084,37197
17630,37199
2311,38001
11015,38003
6760,38005
905,38007
6579,38009
3202,38011
2171,38013
85774,38015
156157,38017
3948,38019
5268,38021
2228,38023
3967,38025
2368,38027
3491,38029
3392,38031
1804,38033
67472,38035
2333,38037
2362,38039
2553,38041
2426,38043
4114,38045
1924,38047
5789,38049
2751,38051
7987,38053
9309,38055
8486,38057
28101,38059
8734,38061
3080,38063
1838,38065
7271,38067
4457,38069
11536,38071
5444,38073
2559,38075
16217,38077
14382,38079
3896,38081
1266,38083
4347,38085
758,38087
26771,38089
1989,38091
20934,38093
2318,38095
8072,38097
11046,38099
64798,38101
4271,38103
26697,38105
28350,39001
105141,39003
52962,39005
100389,39007
64304,39009
45831,39011
69671,39013
44381,39015
370589,39017
28587,39019
39565,39021
137206,39023
199085,39025
41886,39027
106507,39029
36779,39031
42849,39033
1265111,39035
52507,39037
38677,39039
181061,39041
76398,39043
147474,39045
28880,39047
1195537,39049
42513,39051
30708,39053
93680,39055
163587,39057
39817,39059
802038,39061
75671,39063
31627,39065
15714,39067
28045,39069
42998,39071
29273,39073
43025,39075
59280,39077
32954,39079
68389,39081
60705,39083
229582,39085
62109,39087
167537,39089
45474,39091
301478,39093
437998,39095
43053,39097
235145,39099
66238,39101
173684,39103
23593,39105
40875,39107
103060,39109
14549,39111
534325,39113
14911,39115
34938,39117
85950,39119
14579,39121
41339,39123
19295,39125
36015,39127
56399,39129
28480,39131
161451,39133
41886,39135
34198,39137
122673,39139
77429,39141
60510,39143
78477,39145
56018,39147
49167,39149
374868,39151
540811,39153
207406,39155
92392,39157
52715,39159
28744,39161
13239,39163
217241,39165
61475,39167
114848,39169
37513,39171
128200,39173
22607,39175
22286,40001
5666,40003
14007,40005
5591,40007
23081,40009
9785,40011
43399,40013
29678,40015
122560,40017
48085,40019
48150,40021
15182,40023
2385,40025
265638,40027
5963,40029
126390,40031
6155,40033
14748,40035
70651,40037
28536,40039
41441,40041
4783,40043
4104,40045
61189,40047
27297,40049
53118,40051
4516,40053
6082,40055
2906,40057
3676,40059
12938,40061
13836,40063
26237,40065
6377,40067
11003,40069
45831,40071
15005,40073
9310,40075
11019,40077
49873,40079
34189,40081
43666,40083
9558,40085
35613,40087
33203,40089
20584,40091
7683,40093
15957,40095
41168,40097
13663,40099
70596,40101
11522,40103
10611,40105
12358,40107
741781,40109
39625,40111
47917,40113
32236,40115
16474,40117
78399,40119
45048,40121
37958,40123
70760,40125
11205,40127
3774,40129
88367,40131
25450,40133
41398,40135
44779,40137
21498,40139
7822,40141
613816,40143
75030,40145
51633,40147
11622,40149
8832,40151
20548,40153
15909,41001
86430,41003
383857,41005
37301,41007
49286,41009
62534,41011
20729,41013
22248,41015
162277,41017
107164,41019
1953,41021
7317,41023
7212,41025
22584,41027
206412,41029
21749,41031
82930,41033
65912,41035
7771,41037
354542,41039
46151,41041
118360,41043
30630,41045
319985,41047
11244,41049
759256,41051
76353,41053
1732,41055
25287,41057
76820,41059
25759,41061
6821,41063
25487,41065
547672,41067
1424,41069
100255,41071
101482,42001
1229338,42003
68409,42005
170245,42007
49324,42009
413491,42011
127121,42013
62792,42015
627053,42017
184970,42019
141584,42021
4939,42023
65006,42025
155171,42027
506575,42029
39646,42031
81184,42033
39517,42035
66887,42037
87598,42039
238614,42041
269665,42043
561098,42045
31550,42047
280646,42049
135660,42051
7667,42053
151275,42055
14772,42057
38085,42059
45943,42061
88218,42063
44764,42065
24904,42067
214477,42069
526823,42071
89871,42073
135251,42075
355245,42077
321027,42079
117168,42081
43127,42083
115655,42085
46773,42087
168798,42089
808460,42091
18356,42093
299267,42095
94428,42097
45701,42099
1547607,42101
56899,42103
17577,42105
147063,42107
39672,42109
76957,42111
6461,42113
42696,42115
42577,42117
44952,42119
54272,42121
41146,42123
208716,42125
51955,42127
363395,42129
28125,42131
437846,42133
49144,44001
164843,44003
82036,44005
628323,44007
125946,44009
25101,45001
162812,45003
9988,45005
189355,45007
15763,45009
22212,45011
168049,45013
189781,45015
14910,45017
365162,45019
55662,45021
32546,45023
46103,45025
34357,45027
38153,45029
68139,45031
31446,45033
142496,45035
26347,45037
23363,45039
137948,45041
60189,45043
467605,45045
69756,45047
20726,45049
282285,45051
25833,45053
62343,45055
79089,45057
66223,45059
18654,45061
270406,45063
9943,45065
32457,45067
28145,45069
37576,45071
74627,45073
91476,45075
119670,45077
393830,45079
19893,45081
288745,45083
108052,45085
28252,45087
33620,45089
234635,45091
2742,46003
17753,46005
3436,46007
7029,46009
32629,46011
37331,46013
5293,46015
2020,46017
10228,46019
1396,46021
9216,46023
3585,46025
14131,46027
27606,46029
4077,46031
8339,46033
19769,46035
5613,46037
4380,46039
5538,46041
2970,46043
4026,46045
6971,46047
2377,46049
7259,46051
4265,46053
1939,46055
5918,46057
3388,46059
3377,46061
1316,46063
17450,46065
7187,46067
1437,46069
3191,46071
2047,46073
1013,46075
5220,46077
11771,46079
24397,46081
48296,46083
3789,46085
5610,46087
2439,46089
4671,46091
26052,46093
2101,46095
2326,46097
175037,46099
6446,46101
104347,46103
3037,46105
2359,46107
10303,46109
2324,46111
14059,46113
6611,46115
2969,46117
1427,46119
9942,46121
5485,46123
8308,46125
14855,46127
5459,46129
22603,46135
2869,46137
75416,47001
45573,47003
16361,47005
12792,47007
124177,47009
101134,47011
40420,47013
13811,47015
28390,47017
57355,47019
39271,47021
17171,47023
31736,47025
7840,47027
35571,47029
53222,47031
14623,47033
57029,47035
648295,47037
11673,47039
18901,47041
50381,47043
38255,47045
38659,47047
17940,47049
40772,47051
49626,47053
29072,47055
22706,47057
68819,47059
13650,47061
62746,47063
345545,47065
6720,47067
26533,47069
25950,47071
56587,47073
18240,47075
28023,47077
32341,47079
24170,47081
8413,47083
18275,47085
11441,47087
52191,47089
18095,47091
441311,47093
7690,47095
27718,47097
42086,47099
11896,47101
33503,47103
49793,47105
52416,47107
26180,47109
22498,47111
98656,47113
28291,47115
30883,47117
81990,47119
11698,47121
45133,47123
184468,47125
6339,47127
21931,47129
31340,47131
22190,47133
7860,47135
5100,47137
16686,47139
73229,47141
32247,47143
53469,47145
66931,47147
274454,47149
22173,47151
14423,47153
92512,47155
940764,47157
19102,47159
13297,47161
156786,47163
166123,47165
61705,47167
7795,47169
18235,47171
19127,47173
5628,47175
39839,47177
125094,47179
16996,47181
34793,47183
26082,47185
192911,47187
118961,47189
58190,48001
16117,48003
87597,48005
23818,48007
8735,48009
1944,48011
46446,48013
28618,48015
7130,48017
20537,48019
74763,48021
3623,48023
32527,48025
323037,48027
1785704,48029
10655,48031
616,48033
18125,48035
93148,48037
324769,48039
200665,48041
9316,48043
1561,48045
7161,48047
37825,48049
17291,48051
43448,48053
38734,48055
21609,48057
13517,48059
415557,48061
12449,48063
6157,48065
30166,48067
8164,48069
36196,48071
51206,48073
7029,48075
10535,48077
3046,48079
3231,48081
8675,48083
834642,48085
3036,48087
20696,48089
114384,48091
13765,48093
4010,48095
38688,48097
77231,48099
1486,48101
4562,48103
3743,48105
6126,48107
2290,48109
6996,48111
2453843,48113
13640,48115
19360,48117
5329,48119
707304,48121
20465,48123
2323,48125
10461,48127
3598,48129
11717,48131
18421,48133
144325,48135
1968,48137
153969,48139
827398,48141
39321,48143
17610,48145
33831,48147
24695,48149
3844,48151
6367,48153
1307,48155
627293,48157
10640,48159
19515,48161
17702,48163
18413,48165
300484,48167
6412,48169
25153,48171
1259,48173
7351,48175
20045,48177
22978,48179
121935,48181
122658,48183
26783,48185
139841,48187
36385,48189
3293,48191
8307,48193
5521,48195
4082,48197
55190,48199
4253700,48201
67450,48203
6144,48205
5901,48207
168990,48209
4080,48211
79094,48213
806552,48215
35115,48217
23072,48219
52044,48221
35469,48223
23161,48225
35408,48227
3337,48229
87079,48231
21922,48233
1573,48235
8983,48237
14255,48239
35923,48241
2307,48243
251813,48245
5249,48247
41754,48249
153441,48251
19973,48253
15233,48255
106753,48257
35956,48259
431,48261
839,48263
49786,48265
4560,48267
276,48269
3603,48271
32025,48273
3789,48275
49811,48277
14008,48279
20107,48281
7109,48283
19468,48285
16601,48287
16803,48289
76571,48291
23585,48293
3480,48295
11664,48297
19085,48299
71,48301
285760,48303
5783,48305
8313,48307
238707,48309
726,48311
13677,48313
10324,48315
5017,48317
4003,48319
36547,48321
55365,48323
46765,48325
2240,48327
146645,48329
24157,48331
4828,48333
9336,48335
19565,48337
485047,48339
22313,48341
12787,48343
1202,48345
66034,48347
47979,48349
14200,48351
14924,48353
347691,48355
10728,48357
2060,48359
82977,48361
27856,48363
24020,48365
119712,48367
10183,48369
15619,48371
45656,48373
122335,48375
7525,48377
10943,48379
125082,48381
3475,48383
3369,48385
12694,48387
13798,48389
7259,48391
854,48393
16545,48395
83021,48397
10449,48399
54026,48401
10433,48403
8818,48405
27126,48407
65600,48409
6002,48411
3264,48413
17126,48415
3356,48417
26019,48419
3073,48421
214821,48423
8598,48425
61615,48427
9464,48429
1191,48431
1475,48433
3950,48435
7891,48437
1880153,48439
133473,48441
917,48443
12613,48445
1601,48447
32663,48449
113281,48451
1095584,48453
14309,48455
21458,48457
39995,48459
3283,48461
26752,48463
48705,48465
52427,48467
89269,48469
68408,48471
44357,48473
10879,48475
34093,48477
259172,48479
41285,48481
5626,48483
131559,48485
13258,48487
22058,48489
456232,48491
44370,48493
7330,48495
60432,48497
42022,48499
8075,48501
18339,48503
14290,48505
11961,48507
6501,49001
50171,49003
115520,49005
21246,49007
1090,49009
315809,49011
19244,49013
10933,49015
5095,49017
9328,49019
46750,49021
10341,49023
7221,49025
12569,49027
9821,49029
1524,49031
2267,49033
1063842,49035
14965,49037
27906,49039
20784,49041
38003,49043
59870,49045
34524,49047
540504,49049
25273,49051
144809,49053
2737,49055
236640,49057
36745,50001
36697,50003
31121,50005
158504,50007
6226,50009
48214,50011
6983,50013
24958,50015
28924,50017
27109,50019
60869,50021
59465,50023
43985,50025
56211,50027
33341,51001
102251,51003
16230,51005
12759,51007
32384,51009
15128,51011
221045,51013
73658,51015
4652,51017
5964,51019
6738,51021
33154,51023
17010,51025
23859,51027
17088,51029
55163,51031
28972,51033
29851,51035
7157,51036
12404,51037
323856,51041
14323,51043
5213,51045
47911,51047
9849,51049
15690,51051
27994,51053
11233,51057
23461,51059
66542,51061
15390,51063
25967,51065
8528,51067
80317,51069
16928,51071
36886,51073
21347,51075
15183,51077
18771,51079
11851,51081
35849,51083
100668,51085
314932,51087
52969,51089
2245,51091
35399,51093
68967,51095
7046,51097
24500,51099
15981,51101
11236,51103
25474,51105
336898,51107
33430,51109
12588,51111
13200,51113
8884,51115
31749,51117
10822,51119
95194,51121
14827,51125
19169,51127
12226,51131
12346,51133
15830,51135
34246,51137
23895,51139
18451,51141
62807,51143
28123,51145
23238,51147
36941,51149
430289,51153
34736,51155
7456,51157
210309,51159
97469,51161
22394,51163
77391,51165
28445,51167
22781,51169
42583,51171
31718,51173
18409,51175
125684,51177
134352,51179
6844,51181
11972,51183
44268,51185
38070,51187
55190,51191
17524,51193
40918,51195
29251,51197
66146,51199
146294,51510
69590,51515
17662,51520
6707,51530
43956,51540
228417,51550
17479,51570
5771,51580
42996,51590
5740,51595
1118602,51600
13229,51610
56411,51620
27307,51630
6908,51640
136836,51650
50981,51660
22348,51670
6998,51678
77113,51680
40605,51683
15798,51685
13733,51690
180726,51700
245782,51710
4068,51720
31973,51730
12097,51735
96470,51740
16685,51750
9059,51760
92901,51770
24970,51775
23921,51790
85181,51800
447021,51810
21107,51820
15167,51830
26881,51840
19005,53001
21888,53003
182398,53005
73687,53007
71863,53009
438287,53011
3995,53013
101996,53015
39350,53017
7705,53019
85845,53021
2228,53023
91723,53025
71692,53027
79177,53029
29854,53031
2007440,53033
254991,53035
41672,53037
20699,53039
75621,53041
10437,53043
60832,53045
41275,53047
20575,53049
12980,53051
811681,53053
15824,53055
118222,53057
11187,53059
733036,53061
475735,53063
43538,53065
258332,53067
3993,53069
59404,53071
205262,53073
46606,53075
246977,53077
16493,54001
107098,54003
24478,54005
14468,54007
23853,54009
96974,54011
7607,54013
9297,54015
8178,54017
45869,54019
8732,54021
11816,54023
35820,54025
23709,54027
30305,54029
13866,54031
69141,54033
29234,54035
54504,54037
192179,54039
16371,54041
21627,54043
36168,54045
21326,54047
56678,54049
32674,54051
27179,54053
62523,54055
27956,54057
26103,54059
100332,54061
13463,54063
17471,54065
26229,54067
44075,54069
7566,54071
7595,54073
8692,54075
33832,54077
56435,54079
79021,54081
29384,54083
10236,54085
14684,54087
13737,54089
16991,54091
6995,54093
9037,54095
24477,54097
41649,54099
9043,54101
16422,54103
5847,54105
86701,54107
23273,54109
20679,55001
15992,55003
45733,55005
15099,55007
253032,55009
13333,55011
15382,55013
49634,55015
62922,55017
34435,55019
56539,55021
16560,55023
503523,55025
88415,55027
27817,55029
43785,55031
44072,55033
100677,55035
4482,55037
101843,55039
9206,55041
51087,55043
36909,55045
19039,55047
23807,55049
5934,55051
20485,55053
84498,55055
26631,55057
167936,55059
20624,55061
116461,55063
16853,55065
19646,55067
28392,55069
80671,55071
134735,55073
41563,55075
15205,55077
4340,55078
955205,55079
45100,55081
37442,55083
35714,55085
178816,55087
86823,55089
7390,55091
40814,55093
43610,55095
70433,55097
13869,55099
194797,55101
17818,55103
160418,55105
14316,55107
85242,55109
62597,55111
16581,55113
41607,55115
115009,55117
20486,55119
29297,55121
30260,55123
21338,55125
102851,55127
15826,55129
132661,55131
392292,55133
52131,55135
24461,55137
168794,55139
74424,55141
37276,56001
11794,56003
47874,56005
15666,56007
14008,56009
7155,56011
41110,56013
13636,56015
4822,56017
8615,56019
94483,56021
17961,56023
78621,56025
2456,56027
28702,56029
8756,56031
29596,56033
10368,56035
45267,56037
21675,56039
21025,56041
8464,56043
7082,56045
