id,rate
1001,0.315
1003,0.295
1005,0.349
1007,0.334
1009,0.314
1011,0.373
1013,0.354
1015,0.328
1017,0.339
1019,0.319
1021,0.354
1023,0.357
1025,0.342
1027,0.339
1029,0.319
1031,0.312
1033,0.323
1035,0.344
1037,0.334
1039,0.331
1041,0.341
1043,0.324
1045,0.339
1047,0.369
1049,0.324
1051,0.315
1053,0.347
1055,0.321
1057,0.344
1059,0.334
1061,0.332
1063,0.402
1065,0.370
1067,0.335
1069,0.337
1071,0.312
1073,0.323
1075,0.319
1077,0.323
1079,0.351
1081,0.322
1083,0.331
1085,0.381
1087,0.358
1089,0.312
1091,0.370
1093,0.327
1095,0.320
1097,0.332
1099,0.342
1101,0.339
1103,0.305
1105,0.357
1107,0.355
1109,0.342
1111,0.333
1113,0.345
1115,0.327
1117,0.310
1119,0.363
1121,0.354
1123,0.338
1125,0.328
1127,0.342
1129,0.342
1131,0.370
1133,0.341
2013,0.304
2016,0.292
2020,0.271
2050,0.300
2060,0.298
2068,0.266
2070,0.301
2090,0.288
2100,0.290
2110,0.272
2122,0.280
2130,0.288
2150,0.293
2164,0.300
2170,0.291
2180,0.320
2185,0.320
2188,0.291
2220,0.283
2240,0.301
2261,0.284
2270,0.280
2282,0.300
2290,0.287
4001,0.293
4003,0.258
4005,0.251
4007,0.266
4009,0.304
4011,0.305
4012,0.290
4013,0.248
4015,0.270
4017,0.293
4019,0.255
4021,0.291
4023,0.235
4025,0.251
4027,0.290
5001,0.350
5003,0.363
5005,0.316
5007,0.311
5009,0.310
5011,0.343
5013,0.344
5015,0.317
5017,0.357
5019,0.336
5021,0.333
5023,0.317
5025,0.348
5027,0.341
5029,0.352
5031,0.344
5033,0.353
5035,0.364
5037,0.356
5039,0.338
5041,0.358
5043,0.335
5045,0.320
5047,0.341
5049,0.329
5051,0.315
5053,0.354
5055,0.362
5057,0.355
5059,0.340
5061,0.352
5063,0.322
5065,0.325
5067,0.359
5069,0.373
5071,0.348
5073,0.328
5075,0.363
5077,0.346
5079,0.338
5081,0.338
5083,0.339
5085,0.329
5087,0.337
5089,0.336
5091,0.341
5093,0.369
5095,0.349
5097,0.321
5099,0.345
5101,0.355
5103,0.372
5105,0.342
5107,0.363
5109,0.341
5111,0.352
5113,0.339
5115,0.349
5117,0.337
5119,0.339
5121,0.344
5123,0.366
5125,0.331
5127,0.320
5129,0.324
5131,0.322
5133,0.363
5135,0.325
5137,0.344
5139,0.328
5141,0.339
5143,0.316
5145,0.340
5147,0.351
5149,0.336
6001,0.224
6003,0.241
6005,0.236
6007,0.242
6009,0.250
6011,0.234
6013,0.239
6015,0.248
6017,0.222
6019,0.268
6021,0.255
6023,0.253
6025,0.238
6027,0.240
6029,0.260
6031,0.242
6033,0.254
6035,0.249
6037,0.227
6039,0.269
6041,0.198
6043,0.240
6045,0.245
6047,0.277
6049,0.246
6051,0.225
6053,0.235
6055,0.239
6057,0.213
6059,0.223
6061,0.235
6063,0.236
6065,0.256
6067,0.259
6069,0.242
6071,0.262
6073,0.236
6075,0.201
6077,0.276
6079,0.221
6081,0.221
6083,0.217
6085,0.226
6087,0.221
6089,0.261
6091,0.238
6093,0.237
6095,0.256
6097,0.233
6099,0.275
6101,0.250
6103,0.251
6105,0.246
6107,0.268
6109,0.234
6111,0.230
6113,0.235
6115,0.273
8001,0.232
8003,0.209
8005,0.210
8007,0.192
8009,0.216
8011,0.227
8013,0.181
8014,0.208
8015,0.188
8017,0.223
8019,0.190
8021,0.195
8023,0.209
8025,0.228
8027,0.213
8029,0.214
8031,0.198
8033,0.211
8035,0.188
8037,0.173
8039,0.208
8041,0.214
8043,0.219
8045,0.194
8047,0.205
8049,0.197
8051,0.186
8053,0.204
8055,0.211
8057,0.216
8059,0.205
8061,0.231
8063,0.243
8065,0.203
8067,0.190
8069,0.203
8071,0.228
8073,0.222
8075,0.225
8077,0.218
8079,0.205
8081,0.227
8083,0.216
8085,0.207
8087,0.251
8089,0.234
8091,0.194
8093,0.199
8095,0.220
8097,0.178
8099,0.234
8101,0.240
8103,0.212
8105,0.220
8107,0.174
8109,0.222
8111,0.208
8113,0.191
8115,0.227
8117,0.179
8119,0.196
8121,0.223
8123,0.235
8125,0.232
9001,0.218
9003,0.248
9005,0.235
9007,0.245
9009,0.262
9011,0.250
9013,0.242
9015,0.275
10001,0.325
10003,0.289
10005,0.305
11001,0.220
12001,0.258
12003,0.316
12005,0.275
12007,0.311
12009,0.274
12011,0.253
12013,0.313
12015,0.261
12017,0.279
12019,0.273
12021,0.237
12023,0.307
12027,0.304
12029,0.311
12031,0.274
12033,0.282
12035,0.274
12037,0.263
12039,0.318
12041,0.293
12043,0.310
12045,0.288
12047,0.319
12049,0.317
12051,0.304
12053,0.276
12055,0.283
12057,0.266
12059,0.285
12061,0.241
12063,0.302
12065,0.308
12067,0.306
12069,0.278
12071,0.262
12073,0.273
12075,0.301
12077,0.311
12079,0.314
12081,0.258
12083,0.290
12085,0.233
12086,0.241
12087,0.227
12089,0.271
12091,0.275
12093,0.291
12095,0.261
12097,0.277
12099,0.244
12101,0.275
12103,0.251
12105,0.293
12107,0.301
12109,0.245
12111,0.276
12113,0.272
12115,0.233
12117,0.257
12119,0.273
12121,0.287
12123,0.312
12125,0.322
12127,0.261
12129,0.313
12131,0.266
12133,0.314
13001,0.323
13003,0.306
13005,0.306
13007,0.315
13009,0.312
13011,0.293
13013,0.313
13015,0.299
13017,0.319
13019,0.302
13021,0.303
13023,0.302
13025,0.307
13027,0.318
13029,0.293
13031,0.317
13033,0.331
13035,0.320
13037,0.310
13039,0.295
13043,0.312
13045,0.309
13047,0.307
13049,0.309
13051,0.286
13053,0.304
13055,0.316
13057,0.291
13059,0.285
13061,0.320
13063,0.332
13065,0.315
13067,0.269
13069,0.304
13071,0.315
13073,0.284
13075,0.310
13077,0.300
13079,0.305
13081,0.321
13083,0.306
13085,0.289
13087,0.310
13089,0.279
13091,0.331
13093,0.310
13095,0.342
13097,0.325
13099,0.304
13101,0.293
13103,0.307
13105,0.329
13107,0.302
13109,0.326
13111,0.297
13113,0.277
13115,0.289
13117,0.261
13119,0.284
13121,0.266
13123,0.297
19023,0.293
19025,0.309
19027,0.315
19029,0.334
19031,0.334
19033,0.304
19035,0.295
19037,0.310
19039,0.313
19041,0.305
19043,0.311
19045,0.307
19047,0.301
19049,0.304
19051,0.317
19053,0.311
19055,0.329
19057,0.318
19059,0.299
19061,0.293
19063,0.317
19065,0.331
19067,0.312
19069,0.312
19071,0.323
19073,0.304
19075,0.315
19077,0.321
19079,0.315
19081,0.287
19083,0.326
19085,0.315
19087,0.312
19089,0.306
19091,0.325
19093,0.311
19095,0.302
19097,0.310
19099,0.332
19101,0.308
19103,0.277
19105,0.299
19107,0.325
19109,0.312
19111,0.333
19113,0.296
19115,0.320
19117,0.316
19119,0.307
19121,0.311
19123,0.293
21121,0.333
21123,0.321
21125,0.329
21127,0.351
21129,0.322
21131,0.348
21133,0.345
21135,0.348
21137,0.353
21139,0.329
21141,0.330
21143,0.323
21145,0.317
21147,0.328
21149,0.328
21151,0.314
21153,0.337
21155,0.335
21157,0.337
21159,0.359
21161,0.325
21163,0.347
21165,0.345
21167,0.332
21169,0.338
21171,0.345
21173,0.331
21175,0.348
21177,0.337
21179,0.317
21181,0.323
21183,0.340
21185,0.311
21187,0.335
21189,0.344
21191,0.332
21193,0.371
21195,0.349
21197,0.332
21199,0.324
21201,0.326
21203,0.353
21205,0.337
21207,0.327
21209,0.329
21211,0.331
21213,0.318
21215,0.336
21217,0.326
21219,0.331
21221,0.333
28095,0.348
28097,0.357
28099,0.353
28101,0.334
28103,0.394
28105,0.333
28107,0.356
28109,0.341
28111,0.338
28113,0.365
28115,0.357
28117,0.341
28119,0.379
28121,0.346
28123,0.370
28125,0.380
28127,0.356
28129,0.344
28131,0.337
28133,0.395
28135,0.370
28137,0.351
28139,0.348
28141,0.324
28143,0.379
28145,0.345
28147,0.372
28149,0.375
28151,0.376
28153,0.359
28155,0.352
28157,0.388
28159,0.354
28161,0.366
28163,0.367
29001,0.305
29003,0.297
29005,0.297
29007,0.300
29009,0.301
29011,0.307
29013,0.317
29015,0.326
29017,0.331
29019,0.281
29021,0.344
29023,0.317
29025,0.335
29027,0.325
29029,0.299
47141,0.331
47143,0.355
47145,0.332
47147,0.333
47149,0.325
47151,0.318
47153,0.343
47155,0.323
47157,0.342
47159,0.334
47161,0.325
47163,0.334
47165,0.316
47167,0.342
47169,0.331
47171,0.326
47173,0.339
47175,0.336
47177,0.339
47179,0.315
47181,0.326
47183,0.316
47185,0.320
47187,0.298
47189,0.336
48001,0.325
48003,0.306
48005,0.314
48007,0.294
48009,0.302
48011,0.289
48013,0.309
48015,0.309
48017,0.299
48019,0.300
48021,0.311
48023,0.291
48025,0.305
48027,0.300
48029,0.301
48031,0.302
48033,0.296
48035,0.296
48037,0.312
48039,0.300
48041,0.296
48043,0.290
48045,0.299
48047,0.300
48049,0.316
13125,0.295
13127,0.293
13129,0.294
13131,0.313
13133,0.311
13135,0.278
13137,0.290
13139,0.297
13141,0.345
13143,0.310
13145,0.293
13147,0.294
13149,0.296
13151,0.294
13153,0.301
13155,0.307
13157,0.284
13159,0.301
13161,0.294
13163,0.341
13165,0.311
13167,0.314
13169,0.307
13171,0.318
13173,0.298
13175,0.328
13177,0.306
13179,0.317
13181,0.329
13183,0.304
13185,0.308
13187,0.296
13189,0.314
13191,0.309
13193,0.323
13195,0.310
13197,0.311
13199,0.313
13201,0.310
13205,0.308
13207,0.315
13209,0.315
13211,0.309
13213,0.290
13215,0.331
13217,0.310
13219,0.285
13221,0.296
13223,0.280
13225,0.320
13227,0.281
13229,0.305
13231,0.308
13233,0.284
13235,0.305
13237,0.313
13239,0.308
13241,0.298
13243,0.334
13245,0.317
13247,0.317
13249,0.297
13251,0.321
13253,0.313
13255,0.322
13257,0.310
13259,0.325
13261,0.338
13263,0.326
13265,0.328
13267,0.309
13269,0.317
13271,0.305
13273,0.345
13275,0.315
13277,0.312
13279,0.320
13281,0.289
13283,0.326
13285,0.306
13287,0.315
13289,0.312
13291,0.285
13293,0.324
13295,0.312
13297,0.293
13299,0.322
13301,0.338
13303,0.325
13305,0.319
13307,0.307
13309,0.310
13311,0.295
13313,0.294
13315,0.307
13317,0.315
13319,0.312
13321,0.310
15001,0.230
15003,0.218
15005,0.231
15007,0.218
15009,0.226
16001,0.266
16003,0.285
16005,0.294
16007,0.281
16009,0.281
16011,0.317
16013,0.240
16015,0.277
16017,0.267
16019,0.290
16021,0.276
16023,0.298
16025,0.276
16027,0.298
16029,0.272
16031,0.302
16033,0.293
16035,0.306
16037,0.283
16039,0.296
16041,0.289
16043,0.267
16045,0.297
16047,0.302
16049,0.289
16051,0.286
16053,0.310
16055,0.269
16057,0.272
16059,0.257
16061,0.295
16063,0.277
16065,0.278
16067,0.299
16069,0.309
16071,0.307
16073,0.299
16075,0.286
16077,0.298
16079,0.300
16081,0.276
16083,0.275
16085,0.277
16087,0.293
17001,0.299
17003,0.311
17005,0.292
17007,0.300
17009,0.297
17011,0.302
17013,0.295
17015,0.300
17017,0.299
17019,0.284
17021,0.308
17023,0.303
17025,0.295
17027,0.287
17029,0.294
17031,0.278
17033,0.310
17035,0.291
17037,0.298
17039,0.299
17041,0.298
17043,0.271
17045,0.310
17047,0.284
17049,0.283
17051,0.308
17053,0.301
17055,0.296
17057,0.299
17059,0.297
17061,0.299
17063,0.318
17065,0.293
17067,0.288
17069,0.303
17071,0.303
17073,0.290
17075,0.309
17077,0.287
17079,0.297
17081,0.312
17083,0.289
17085,0.281
17087,0.292
17089,0.282
17091,0.311
17093,0.288
17095,0.309
17097,0.273
17099,0.294
17101,0.302
17103,0.280
17105,0.301
17107,0.310
17109,0.294
17111,0.281
17113,0.305
17115,0.308
17117,0.297
17119,0.307
17121,0.311
17123,0.296
17125,0.305
17127,0.316
17129,0.292
17131,0.309
17133,0.294
17135,0.272
17137,0.297
17139,0.296
17141,0.285
17143,0.282
17145,0.289
17147,0.298
17149,0.292
17151,0.301
17153,0.314
17155,0.291
17157,0.303
17159,0.298
17161,0.284
17163,0.296
17165,0.299
17167,0.300
17169,0.293
17171,0.293
17173,0.296
17175,0.306
17177,0.286
17179,0.281
17181,0.302
17183,0.295
17185,0.297
17187,0.299
17189,0.307
17191,0.292
17193,0.300
17195,0.288
17197,0.312
17199,0.298
17201,0.293
17203,0.299
18001,0.311
18003,0.320
18005,0.319
18007,0.323
18009,0.327
18011,0.298
18013,0.306
18015,0.327
18017,0.332
18019,0.318
18021,0.348
18023,0.306
18025,0.351
18027,0.316
18029,0.329
18031,0.302
18033,0.304
18035,0.325
18037,0.330
18039,0.307
18041,0.331
18043,0.307
18045,0.312
18047,0.302
18049,0.317
18051,0.305
18053,0.318
18055,0.325
18057,0.269
18059,0.303
18061,0.314
18063,0.318
18065,0.308
18067,0.348
18069,0.333
18071,0.317
18073,0.327
18075,0.332
18077,0.318
18079,0.301
18081,0.305
18083,0.325
18085,0.313
18087,0.323
18089,0.339
18091,0.318
18093,0.306
18095,0.346
18097,0.319
18099,0.316
18101,0.305
18103,0.324
18105,0.286
18107,0.315
18109,0.325
18111,0.330
18113,0.329
18115,0.313
18117,0.315
18119,0.343
18121,0.306
18123,0.320
18125,0.317
18127,0.306
18129,0.317
18131,0.332
18133,0.321
18135,0.333
18137,0.318
18139,0.321
18141,0.303
18143,0.302
18145,0.328
18147,0.311
18149,0.334
18151,0.323
18153,0.317
18155,0.299
18157,0.295
18159,0.320
18161,0.325
18163,0.321
18165,0.301
18167,0.319
18169,0.343
18171,0.302
18173,0.321
18175,0.312
18177,0.300
18179,0.302
18181,0.332
18183,0.328
19001,0.316
19003,0.326
19005,0.297
19007,0.307
19009,0.327
19011,0.305
19013,0.299
19015,0.317
19017,0.297
19019,0.307
19021,0.294
48353,0.301
48355,0.302
48357,0.303
48359,0.307
48361,0.319
48363,0.295
48365,0.310
48367,0.311
48369,0.314
48371,0.302
48373,0.326
48375,0.326
48377,0.281
48379,0.301
48381,0.284
48383,0.302
48385,0.299
48387,0.312
48389,0.309
48391,0.304
48393,0.298
48395,0.312
48397,0.293
48399,0.318
48401,0.331
48403,0.315
48405,0.300
48407,0.307
48409,0.301
48411,0.304
48413,0.304
48415,0.302
48417,0.312
48419,0.323
48421,0.303
48423,0.296
48425,0.297
48427,0.301
48429,0.301
48431,0.301
48433,0.298
48435,0.300
48437,0.296
48439,0.294
48441,0.296
48443,0.296
48445,0.314
48447,0.300
48449,0.307
48451,0.296
19125,0.306
19127,0.317
19129,0.298
19131,0.294
19133,0.294
19135,0.326
19137,0.318
19139,0.327
19141,0.309
19143,0.306
19145,0.318
19147,0.298
19149,0.324
19151,0.307
19153,0.298
19155,0.325
19157,0.304
19159,0.307
19161,0.303
19163,0.299
19165,0.316
19167,0.294
19169,0.282
19171,0.301
19173,0.313
19175,0.322
19177,0.308
19179,0.309
19181,0.312
19183,0.309
19185,0.314
19187,0.300
19189,0.300
19191,0.287
19193,0.312
19195,0.305
19197,0.303
20001,0.320
20003,0.308
20005,0.310
20007,0.325
20009,0.322
20011,0.339
20013,0.322
20015,0.317
20017,0.311
20019,0.303
20021,0.336
20023,0.311
20025,0.310
20027,0.309
20029,0.314
20031,0.326
20033,0.302
20035,0.321
20037,0.329
20039,0.313
20041,0.319
20043,0.323
20045,0.276
20047,0.324
20049,0.319
20051,0.297
20053,0.320
20055,0.316
20057,0.322
20059,0.317
20061,0.300
20063,0.298
20065,0.309
20067,0.318
20069,0.295
20071,0.304
20073,0.318
20075,0.320
20077,0.294
20079,0.313
20081,0.317
20083,0.301
20085,0.329
20087,0.320
20089,0.319
20091,0.266
20093,0.313
20095,0.305
20097,0.297
20099,0.321
20101,0.332
20103,0.308
20105,0.296
20107,0.319
20109,0.311
20111,0.312
20113,0.302
20115,0.306
20117,0.315
20119,0.307
20121,0.304
20123,0.295
20125,0.319
20127,0.315
20129,0.318
20131,0.297
20133,0.321
20135,0.294
20137,0.320
20139,0.330
20141,0.318
20143,0.314
20145,0.323
20147,0.308
20149,0.310
20151,0.306
20153,0.326
20155,0.311
20157,0.298
20159,0.328
20161,0.283
20163,0.303
20165,0.290
20167,0.307
20169,0.310
20171,0.298
20173,0.300
20175,0.322
20177,0.313
20179,0.306
20181,0.312
20183,0.304
20185,0.320
20187,0.303
20189,0.319
20191,0.334
20193,0.298
20195,0.316
20197,0.322
20199,0.308
20201,0.321
20203,0.319
20205,0.320
20207,0.297
20209,0.347
21001,0.336
21003,0.335
21005,0.336
21007,0.338
21009,0.323
21011,0.338
21013,0.327
21015,0.315
21017,0.332
21019,0.336
21021,0.319
21023,0.334
21025,0.366
21027,0.335
21029,0.337
21031,0.340
21033,0.329
21035,0.309
21037,0.319
21039,0.318
21041,0.334
21043,0.326
21045,0.343
21047,0.326
21049,0.325
21051,0.324
21053,0.327
21055,0.326
21057,0.337
21059,0.316
21061,0.344
21063,0.346
21065,0.328
21067,0.311
21069,0.345
21071,0.359
21073,0.326
21075,0.345
21077,0.324
21079,0.353
21081,0.341
21083,0.323
21085,0.343
21087,0.316
21089,0.350
21091,0.346
21093,0.317
21095,0.338
21097,0.313
21099,0.333
21101,0.330
21103,0.343
21105,0.331
21107,0.337
21109,0.354
21111,0.332
21113,0.329
21115,0.367
21117,0.324
21119,0.349
21223,0.342
21225,0.348
21227,0.305
21229,0.332
21231,0.324
21233,0.335
21235,0.345
21237,0.325
21239,0.324
22001,0.327
22003,0.354
22005,0.338
22007,0.333
22009,0.361
22011,0.331
22013,0.361
22015,0.335
22017,0.335
22019,0.339
22021,0.370
22023,0.347
22025,0.345
22027,0.343
22029,0.343
22031,0.350
22033,0.334
22035,0.373
22037,0.343
22039,0.323
22041,0.343
22043,0.332
22045,0.350
22047,0.358
22049,0.342
22051,0.326
22053,0.339
22055,0.313
22057,0.356
22059,0.343
22061,0.329
22063,0.332
22065,0.367
22067,0.361
22069,0.361
22071,0.320
22073,0.333
22075,0.335
22077,0.327
22079,0.338
22081,0.335
22083,0.360
22085,0.348
22087,0.346
22089,0.333
22091,0.353
22093,0.347
22095,0.348
22097,0.373
22099,0.344
22101,0.356
22103,0.311
22105,0.350
22107,0.342
22109,0.365
22111,0.348
22113,0.331
22115,0.353
22117,0.359
22119,0.335
22121,0.330
22123,0.352
22125,0.340
22127,0.337
23001,0.301
23003,0.309
23005,0.254
23007,0.296
23009,0.267
23011,0.295
23013,0.275
23015,0.262
23017,0.296
23019,0.301
23021,0.307
23023,0.270
23025,0.313
23027,0.290
23029,0.307
23031,0.278
24001,0.284
24003,0.282
24005,0.280
24009,0.284
24011,0.311
24013,0.283
24015,0.304
24017,0.310
24019,0.312
24021,0.275
24023,0.299
24025,0.282
24027,0.265
24029,0.278
24031,0.234
24033,0.311
24035,0.271
24037,0.282
24039,0.330
24041,0.276
24043,0.300
24045,0.310
24047,0.303
24510,0.309
25001,0.208
25003,0.228
25005,0.264
25007,0.216
25009,0.236
25011,0.243
25013,0.264
25015,0.230
25017,0.235
25019,0.238
25021,0.217
25023,0.242
25025,0.226
25027,0.246
26001,0.308
26003,0.321
26005,0.329
26007,0.325
26009,0.314
26011,0.329
26013,0.318
26015,0.343
26017,0.325
26019,0.316
26021,0.340
26023,0.333
26025,0.343
26027,0.315
26029,0.293
26031,0.321
26033,0.347
26035,0.304
26037,0.324
26039,0.306
26041,0.315
26043,0.307
26045,0.322
26047,0.302
26049,0.338
26051,0.329
26053,0.299
26055,0.315
26057,0.343
26059,0.309
26061,0.291
26063,0.303
26065,0.310
26067,0.326
26069,0.329
26071,0.314
26073,0.313
26075,0.330
26077,0.311
26079,0.310
26081,0.311
26083,0.319
26085,0.316
26087,0.325
26089,0.290
26091,0.319
26093,0.291
26095,0.330
26097,0.327
26099,0.308
26101,0.301
26103,0.305
26105,0.319
26107,0.312
26109,0.316
26111,0.311
26113,0.322
26115,0.325
26117,0.318
26119,0.316
26121,0.335
26123,0.334
26125,0.292
26127,0.332
26129,0.330
26131,0.327
26133,0.327
26135,0.310
26137,0.316
26139,0.285
26141,0.324
26143,0.324
26145,0.356
26147,0.310
26149,0.323
26151,0.338
26153,0.295
26155,0.331
26157,0.312
26159,0.317
26161,0.274
26163,0.329
26165,0.320
27001,0.265
27003,0.281
27005,0.267
27007,0.269
27009,0.273
27011,0.270
27013,0.254
27015,0.271
27017,0.267
27019,0.251
27021,0.270
27023,0.283
27025,0.270
27027,0.285
27029,0.277
27031,0.258
27033,0.271
27035,0.262
27037,0.255
27039,0.294
27041,0.262
27043,0.276
27045,0.264
27047,0.281
27049,0.268
27051,0.264
27053,0.237
27055,0.266
27057,0.271
27059,0.266
27061,0.268
27063,0.277
27065,0.260
27067,0.273
27069,0.286
27071,0.276
27073,0.274
27075,0.275
27077,0.268
27079,0.279
27081,0.265
27083,0.267
27085,0.287
27087,0.281
27089,0.262
27091,0.264
27093,0.276
27095,0.272
27097,0.267
27099,0.267
27101,0.287
27103,0.272
27105,0.266
27107,0.292
27109,0.247
27111,0.269
27113,0.266
27115,0.270
27117,0.272
27119,0.278
27121,0.268
27123,0.251
27125,0.279
27127,0.280
27129,0.293
27131,0.257
27133,0.250
27135,0.299
27137,0.264
27139,0.248
27141,0.280
27143,0.273
27145,0.266
27147,0.261
27149,0.269
27151,0.273
27153,0.276
27155,0.273
27157,0.262
27159,0.282
27161,0.283
27163,0.249
27165,0.282
27167,0.279
27169,0.264
27171,0.260
27173,0.254
28001,0.356
28003,0.336
28005,0.349
28007,0.365
28009,0.355
28011,0.354
28013,0.344
28015,0.341
28017,0.361
28019,0.350
28021,0.383
28023,0.350
28025,0.373
28027,0.413
28029,0.353
28031,0.369
28033,0.340
28035,0.358
28037,0.381
28039,0.363
28041,0.364
28043,0.365
28045,0.342
28047,0.347
28049,0.361
28051,0.381
28053,0.387
28055,0.366
28057,0.358
28059,0.341
28061,0.377
28063,0.400
28065,0.360
28067,0.360
28069,0.356
28071,0.341
28073,0.344
28075,0.359
28077,0.365
28079,0.355
28081,0.326
28083,0.379
28085,0.359
28087,0.357
28089,0.334
28091,0.361
28093,0.369
29031,0.288
29033,0.310
29035,0.316
29037,0.318
29039,0.309
29041,0.312
29043,0.299
29045,0.319
29047,0.294
29049,0.313
29051,0.304
29053,0.299
29055,0.314
29057,0.312
29059,0.317
29061,0.308
29063,0.329
29065,0.324
29067,0.312
29069,0.330
29071,0.325
29073,0.306
29075,0.319
29077,0.299
29079,0.315
29081,0.310
29083,0.318
29085,0.319
29087,0.300
29089,0.310
29091,0.299
29093,0.307
29095,0.312
29097,0.315
29099,0.328
29101,0.315
29103,0.317
29105,0.312
29107,0.308
29109,0.302
29111,0.324
29113,0.335
29115,0.329
29117,0.293
29119,0.311
29121,0.307
29123,0.332
29125,0.306
29127,0.294
29129,0.314
29131,0.327
29133,0.320
29135,0.309
29137,0.313
29139,0.308
29141,0.295
29143,0.318
29145,0.313
29147,0.304
29149,0.314
29151,0.298
29153,0.299
29155,0.329
29157,0.316
29159,0.314
29161,0.316
29163,0.318
29165,0.298
29167,0.322
29169,0.324
29171,0.300
29173,0.314
29175,0.324
29177,0.309
29179,0.326
29181,0.321
29183,0.305
29185,0.320
29186,0.295
29187,0.312
29189,0.294
29195,0.321
29197,0.307
29199,0.330
29201,0.314
29203,0.335
29205,0.311
29207,0.317
29209,0.307
29211,0.303
29213,0.309
29215,0.321
29217,0.305
29219,0.309
29221,0.315
29223,0.290
29225,0.313
29227,0.301
29229,0.326
29510,0.317
30001,0.246
30003,0.300
30005,0.291
30007,0.271
30009,0.250
30011,0.243
30013,0.257
30015,0.269
30017,0.244
30019,0.245
30021,0.256
30023,0.260
30025,0.246
30027,0.247
30029,0.228
30031,0.211
30033,0.245
30035,0.281
30037,0.266
30039,0.228
30041,0.287
30043,0.224
30045,0.251
30047,0.260
30049,0.242
30051,0.259
30053,0.254
30055,0.248
30057,0.237
30059,0.251
30061,0.272
30063,0.226
30065,0.243
30067,0.237
30069,0.245
30071,0.256
30073,0.268
30075,0.249
30077,0.249
30079,0.258
30081,0.228
30083,0.278
30085,0.302
30087,0.287
30089,0.256
30091,0.261
30093,0.260
30095,0.249
30097,0.232
30099,0.244
30101,0.267
30103,0.247
30105,0.260
30107,0.246
30109,0.265
30111,0.259
31001,0.293
31003,0.289
31005,0.295
31007,0.314
31009,0.305
31011,0.288
31013,0.309
31015,0.303
31017,0.307
31019,0.299
31021,0.305
31023,0.287
31025,0.307
31027,0.289
31029,0.282
31031,0.283
31033,0.290
31035,0.322
31037,0.318
31039,0.297
31041,0.307
31043,0.317
31045,0.297
31047,0.309
31049,0.286
31051,0.311
31053,0.297
31055,0.290
31057,0.299
31059,0.294
31061,0.307
31063,0.308
31065,0.309
31067,0.318
31069,0.280
31071,0.286
31073,0.296
31075,0.290
31077,0.314
31079,0.304
31081,0.298
31083,0.295
31085,0.287
31087,0.317
31089,0.300
31091,0.306
31093,0.306
31095,0.309
31097,0.298
31099,0.295
31101,0.290
31103,0.284
31105,0.305
31107,0.288
31109,0.282
31111,0.310
31113,0.292
31115,0.298
31117,0.289
31119,0.295
31121,0.314
31123,0.295
31125,0.301
31127,0.321
31129,0.296
31131,0.321
31133,0.313
31135,0.297
31137,0.315
31139,0.321
31141,0.298
31143,0.313
31145,0.299
31147,0.311
31149,0.300
31151,0.308
31153,0.287
31155,0.301
31157,0.310
31159,0.293
31161,0.297
31163,0.316
31165,0.287
31167,0.304
31169,0.287
31171,0.309
31173,0.348
31175,0.297
31177,0.302
31179,0.294
31181,0.310
31183,0.283
31185,0.311
32001,0.289
32003,0.257
32005,0.244
32007,0.295
32009,0.277
32011,0.260
32013,0.267
32015,0.267
32017,0.265
32019,0.286
32021,0.279
32023,0.282
32027,0.278
32029,0.250
32031,0.244
32033,0.262
32510,0.246
33001,0.268
33003,0.254
33005,0.263
33007,0.291
33009,0.261
33011,0.268
33013,0.266
33015,0.265
33017,0.284
33019,0.268
34001,0.267
34003,0.239
34005,0.267
34007,0.269
34009,0.256
34011,0.299
34013,0.261
34015,0.273
34017,0.251
34019,0.232
34021,0.257
34023,0.249
34025,0.244
34027,0.236
34029,0.264
34031,0.255
34033,0.296
34035,0.237
34037,0.261
34039,0.248
34041,0.260
35001,0.229
35003,0.256
35005,0.285
35006,0.288
35007,0.256
35009,0.278
35011,0.248
35013,0.259
35015,0.276
35017,0.251
35019,0.262
35021,0.259
35023,0.264
35025,0.296
35027,0.247
35028,0.225
35029,0.263
35031,0.311
35033,0.249
35035,0.255
35037,0.259
35039,0.252
35041,0.266
35043,0.257
35045,0.284
35047,0.244
35049,0.201
35051,0.249
35053,0.265
35055,0.222
35057,0.262
35059,0.262
35061,0.274
36001,0.257
36003,0.276
36005,0.269
36007,0.272
36009,0.265
36011,0.251
36013,0.265
36015,0.273
36017,0.271
36019,0.275
36021,0.247
36023,0.262
36025,0.256
36027,0.258
36029,0.272
36031,0.263
36033,0.272
36035,0.269
36037,0.271
36039,0.279
36041,0.258
36043,0.286
36045,0.272
36047,0.243
36049,0.257
36051,0.271
36053,0.264
36055,0.278
36057,0.262
36059,0.235
36061,0.206
36063,0.275
36065,0.265
36067,0.268
36069,0.267
36071,0.246
36073,0.287
36075,0.297
36077,0.264
36079,0.282
36081,0.242
36083,0.259
36085,0.265
36087,0.249
36089,0.277
36091,0.257
36093,0.264
36095,0.277
36097,0.270
36099,0.269
36101,0.282
36103,0.251
36105,0.274
36107,0.272
36109,0.236
36111,0.264
36113,0.271
36115,0.269
36117,0.284
36119,0.213
36121,0.275
36123,0.257
37001,0.318
37003,0.283
37005,0.271
37007,0.320
37009,0.260
37011,0.292
37013,0.319
37015,0.322
37017,0.328
37019,0.295
37021,0.265
37023,0.291
37025,0.302
37027,0.295
37029,0.298
37031,0.292
37033,0.310
37035,0.289
37037,0.276
37039,0.285
37041,0.297
37043,0.276
37045,0.298
37047,0.308
37049,0.307
37051,0.316
37053,0.293
37055,0.288
37057,0.292
37059,0.288
37061,0.328
37063,0.294
37065,0.332
37067,0.277
37069,0.314
37071,0.284
37073,0.311
37075,0.295
37077,0.298
37079,0.306
37081,0.284
37083,0.337
37085,0.313
37087,0.277
37089,0.257
37091,0.318
37093,0.313
37095,0.305
37097,0.287
37099,0.311
37101,0.314
37103,0.318
37105,0.293
37107,0.318
37109,0.287
37111,0.316
37113,0.270
37115,0.297
37117,0.317
37119,0.275
37121,0.293
37123,0.304
37125,0.290
37127,0.314
37129,0.275
37131,0.301
37133,0.286
37135,0.251
37137,0.298
37139,0.310
37141,0.293
37143,0.307
37145,0.310
37147,0.326
37149,0.262
37151,0.291
37153,0.300
37155,0.351
37157,0.309
37159,0.313
37161,0.297
37163,0.331
37165,0.329
37167,0.280
37169,0.275
37171,0.301
37173,0.317
37175,0.266
37177,0.304
37179,0.284
37181,0.312
37183,0.271
37185,0.321
37187,0.312
37189,0.285
37191,0.318
37193,0.294
37195,0.322
37197,0.296
37199,0.291
38001,0.321
38003,0.290
38005,0.333
38007,0.312
38009,0.312
38011,0.313
38013,0.308
38015,0.289
38017,0.290
38019,0.312
38021,0.304
38023,0.300
38025,0.305
38027,0.301
38029,0.318
38031,0.307
38033,0.308
38035,0.305
38037,0.335
38039,0.307
38041,0.286
38043,0.320
38045,0.299
38047,0.329
38049,0.303
38051,0.306
38053,0.318
38055,0.313
38057,0.304
38059,0.302
38061,0.333
38063,0.309
38065,0.311
38067,0.320
38069,0.318
38071,0.307
38073,0.313
38075,0.293
38077,0.321
38079,0.357
38081,0.310
38083,0.304
38085,0.377
38087,0.302
38089,0.314
38091,0.322
38093,0.304
38095,0.301
38097,0.332
38099,0.321
38101,0.304
38103,0.300
38105,0.307
39001,0.306
39003,0.339
39005,0.306
39007,0.302
39009,0.318
39011,0.316
39013,0.308
39015,0.334
39017,0.301
39019,0.296
39021,0.319
39023,0.318
39025,0.285
39027,0.301
39029,0.312
39031,0.310
39033,0.332
39035,0.288
39037,0.328
39039,0.294
39041,0.280
39043,0.292
39045,0.307
39047,0.309
39049,0.304
39051,0.304
39053,0.309
39055,0.290
39057,0.282
39059,0.309
39061,0.294
39063,0.307
39065,0.310
39067,0.302
39069,0.317
39071,0.317
39073,0.311
39075,0.298
39077,0.316
39079,0.319
39081,0.333
39083,0.310
39085,0.294
39087,0.338
39089,0.304
39091,0.301
39093,0.309
39095,0.311
39097,0.306
39099,0.301
39101,0.313
39103,0.295
39105,0.318
39107,0.298
39109,0.307
39111,0.312
39113,0.304
39115,0.313
39117,0.307
39119,0.300
39121,0.313
39123,0.327
39125,0.299
39127,0.336
39129,0.317
39131,0.313
39133,0.300
39135,0.314
39137,0.302
39139,0.308
39141,0.324
39143,0.322
39145,0.330
39147,0.302
39149,0.313
39151,0.311
39153,0.298
39155,0.315
39157,0.313
39159,0.323
39161,0.315
39163,0.304
39165,0.283
39167,0.313
39169,0.305
39171,0.302
39173,0.300
39175,0.299
40001,0.343
40003,0.327
40005,0.336
40007,0.320
40009,0.345
40011,0.324
40013,0.329
40015,0.339
40017,0.318
40019,0.345
40021,0.339
40023,0.334
40025,0.319
40027,0.309
40029,0.329
40031,0.335
40033,0.333
40035,0.342
40037,0.343
40039,0.307
40041,0.329
40043,0.309
40045,0.322
40047,0.327
40049,0.324
40051,0.348
40053,0.336
40055,0.323
40057,0.333
40059,0.326
40061,0.319
40063,0.332
40065,0.325
40067,0.347
40069,0.318
40071,0.341
40073,0.321
40075,0.323
40077,0.347
40079,0.329
40081,0.322
40083,0.333
40085,0.317
40087,0.325
40089,0.341
40091,0.338
40093,0.323
40095,0.332
40097,0.343
40099,0.336
40101,0.322
40103,0.339
40105,0.328
40107,0.338
40109,0.313
40111,0.324
40113,0.328
40115,0.321
40117,0.345
40119,0.317
40121,0.333
40123,0.359
40125,0.349
40127,0.320
40129,0.324
40131,0.318
40133,0.356
40135,0.353
40137,0.310
40139,0.317
40141,0.331
40143,0.314
40145,0.320
40147,0.317
40149,0.326
40151,0.325
40153,0.336
41001,0.258
41003,0.245
41005,0.263
41007,0.263
41009,0.274
41011,0.277
41013,0.266
41015,0.278
41017,0.239
41019,0.297
41021,0.269
41023,0.254
41025,0.276
41027,0.243
41029,0.252
41031,0.286
41033,0.260
41035,0.269
41037,0.282
41039,0.266
41041,0.273
41043,0.282
41045,0.274
41047,0.289
41049,0.262
41051,0.244
41053,0.285
41055,0.262
41057,0.270
41059,0.302
41061,0.273
41063,0.260
41065,0.297
41067,0.255
41069,0.262
41071,0.280
42001,0.292
42003,0.287
42005,0.305
42007,0.301
42009,0.317
42011,0.289
42013,0.317
42015,0.324
42017,0.279
42019,0.296
42021,0.331
42023,0.296
42025,0.311
42027,0.276
42029,0.261
42031,0.309
42033,0.296
42035,0.308
42037,0.317
42039,0.299
42041,0.278
42043,0.311
42045,0.290
42047,0.306
42049,0.292
42051,0.323
42053,0.313
42055,0.312
42057,0.304
42059,0.304
42061,0.297
42063,0.299
42065,0.296
42067,0.304
42069,0.275
42071,0.292
42073,0.292
42075,0.310
42077,0.290
42079,0.299
42081,0.307
42083,0.310
42085,0.305
42087,0.301
42089,0.291
42091,0.270
42093,0.301
42095,0.295
42097,0.322
42099,0.304
42101,0.303
42103,0.306
42105,0.308
42107,0.315
42109,0.318
42111,0.307
42113,0.311
42115,0.313
42117,0.311
42119,0.298
42121,0.310
42123,0.306
42125,0.289
42127,0.295
42129,0.292
42131,0.311
42133,0.314
44001,0.238
44003,0.275
44005,0.247
44007,0.273
44009,0.250
45001,0.333
45003,0.318
45005,0.342
45007,0.313
45009,0.370
45011,0.343
45013,0.267
45015,0.353
45017,0.351
45019,0.297
45021,0.316
45023,0.326
45025,0.339
45027,0.346
45029,0.342
45031,0.337
45033,0.358
45035,0.304
45037,0.337
45039,0.357
45041,0.339
45043,0.334
45045,0.308
45047,0.327
45049,0.371
45051,0.298
45053,0.366
45055,0.314
45057,0.318
45059,0.338
45061,0.357
45063,0.312
45065,0.331
45067,0.353
45069,0.363
45071,0.334
45073,0.315
45075,0.360
45077,0.301
45079,0.314
45081,0.319
45083,0.301
45085,0.338
45087,0.338
45089,0.372
45091,0.301
46003,0.308
46005,0.301
46007,0.338
46009,0.310
46011,0.289
46013,0.305
46015,0.330
46017,0.359
46019,0.301
46021,0.308
46023,0.315
46025,0.313
46027,0.299
46029,0.298
46031,0.357
46033,0.274
46035,0.313
46037,0.317
46039,0.325
46041,0.361
46043,0.296
46045,0.328
46047,0.313
46049,0.297
46051,0.322
46053,0.296
46055,0.300
46057,0.302
46059,0.303
46061,0.298
46063,0.306
46065,0.304
46067,0.297
46069,0.317
46071,0.324
46073,0.301
46075,0.303
46077,0.299
46079,0.302
46081,0.272
46083,0.288
46085,0.327
46087,0.295
46089,0.291
46091,0.294
46093,0.290
46095,0.338
46097,0.306
46099,0.295
46101,0.323
46103,0.285
46105,0.304
46107,0.292
46109,0.333
46111,0.322
46113,0.358
46115,0.322
46117,0.311
46119,0.321
46121,0.360
46123,0.321
46125,0.311
46127,0.300
46129,0.313
46135,0.296
46137,0.373
47001,0.323
47003,0.349
47005,0.339
47007,0.328
47009,0.328
47011,0.318
47013,0.336
47015,0.330
47017,0.345
47019,0.319
47021,0.317
47023,0.348
47025,0.327
47027,0.324
47029,0.336
47031,0.341
47033,0.342
47035,0.312
47037,0.320
47039,0.335
47041,0.328
47043,0.329
47045,0.337
47047,0.353
47049,0.343
47051,0.326
47053,0.354
47055,0.349
47057,0.319
47059,0.346
47061,0.322
47063,0.325
47065,0.322
47067,0.320
47069,0.353
47071,0.333
47073,0.341
47075,0.362
47077,0.351
47079,0.345
47081,0.337
47083,0.331
47085,0.327
47087,0.322
47089,0.311
47091,0.325
47093,0.316
47095,0.333
47097,0.354
47099,0.325
47101,0.331
47103,0.327
47105,0.316
47107,0.336
47109,0.346
47111,0.337
47113,0.349
47115,0.318
47117,0.318
47119,0.345
47121,0.332
47123,0.346
47125,0.329
47127,0.331
47129,0.326
47131,0.329
47133,0.326
47135,0.315
47137,0.325
47139,0.326
48051,0.314
48053,0.293
48055,0.315
48057,0.297
48059,0.303
48061,0.290
48063,0.313
48065,0.305
48067,0.302
48069,0.303
48071,0.306
48073,0.323
48075,0.301
48077,0.301
48079,0.306
48081,0.306
48083,0.291
48085,0.277
48087,0.305
48089,0.299
48091,0.300
48093,0.299
48095,0.312
48097,0.313
48099,0.302
48101,0.300
48103,0.303
48105,0.307
48107,0.295
48109,0.300
48111,0.297
48113,0.306
48115,0.304
48117,0.313
48119,0.304
48121,0.302
48123,0.295
48125,0.302
48127,0.308
48129,0.311
48131,0.305
48133,0.317
48135,0.315
48137,0.299
48139,0.300
48141,0.272
48143,0.295
48145,0.310
48147,0.315
48149,0.294
48151,0.308
48153,0.299
48155,0.297
48157,0.281
48159,0.296
48161,0.312
48163,0.303
48165,0.314
48167,0.301
48169,0.319
48171,0.302
48173,0.304
48175,0.307
48177,0.316
48179,0.307
48181,0.290
48183,0.317
48185,0.328
48187,0.304
48189,0.296
48191,0.298
48193,0.300
48195,0.297
48197,0.306
48199,0.313
48201,0.297
48203,0.321
48205,0.312
48207,0.297
48209,0.306
48211,0.306
48213,0.293
48215,0.310
48217,0.322
48219,0.300
48221,0.298
48223,0.317
48225,0.304
48227,0.316
48229,0.298
48231,0.317
48233,0.318
48235,0.300
48237,0.297
48239,0.313
48241,0.306
48243,0.285
48245,0.332
48247,0.302
48249,0.306
48251,0.318
48253,0.310
48255,0.297
48257,0.341
48259,0.276
48261,0.302
48263,0.301
48265,0.294
48267,0.293
48269,0.296
48271,0.302
48273,0.305
48275,0.294
48277,0.293
48279,0.304
48281,0.300
48283,0.299
48285,0.301
48287,0.319
48289,0.302
48291,0.314
48293,0.303
48295,0.303
48297,0.302
48299,0.281
48301,0.304
48303,0.296
48305,0.306
48307,0.302
48309,0.307
48311,0.303
48313,0.311
48315,0.313
48317,0.303
48319,0.292
48321,0.306
48323,0.306
48325,0.296
48327,0.300
48329,0.295
48331,0.311
48333,0.307
48335,0.301
48337,0.296
48339,0.299
48341,0.312
48343,0.314
48345,0.292
48347,0.304
48349,0.323
48351,0.316
48453,0.273
48455,0.312
48457,0.304
48459,0.310
48461,0.304
48463,0.302
48465,0.293
48467,0.317
48469,0.304
48471,0.318
48473,0.316
48475,0.305
48477,0.298
48479,0.308
48481,0.301
48483,0.303
48485,0.319
48487,0.301
48489,0.297
48491,0.290
48493,0.293
48495,0.314
48497,0.302
48499,0.300
48501,0.304
48503,0.294
48505,0.307
48507,0.300
49001,0.262
49003,0.262
49005,0.238
49007,0.251
49009,0.256
49011,0.244
49013,0.254
49015,0.259
49017,0.251
49019,0.224
49021,0.249
49023,0.269
49025,0.236
49027,0.269
49029,0.235
49031,0.242
49033,0.263
49035,0.244
49037,0.263
49039,0.247
49041,0.267
49043,0.197
49045,0.272
49047,0.270
49049,0.238
49051,0.237
49053,0.240
49055,0.245
49057,0.257
50001,0.238
50003,0.247
50005,0.265
50007,0.228
50009,0.266
50011,0.270
50013,0.262
50015,0.252
50017,0.264
50019,0.273
50021,0.265
50023,0.233
50025,0.241
50027,0.244
51001,0.314
51003,0.271
51005,0.266
51007,0.300
51009,0.291
51011,0.288
51013,0.233
51015,0.274
51017,0.275
51019,0.265
51021,0.277
51023,0.272
51025,0.311
51027,0.283
51029,0.291
51031,0.295
51033,0.286
51035,0.291
51036,0.314
51037,0.295
51041,0.278
51043,0.285
51045,0.286
51047,0.301
51049,0.297
51051,0.280
51053,0.298
51057,0.283
51059,0.247
51061,0.276
51063,0.275
51065,0.287
51067,0.281
51069,0.283
51071,0.299
51073,0.291
51075,0.266
51077,0.295
51079,0.286
51081,0.306
51083,0.299
51085,0.269
51087,0.276
51089,0.288
51091,0.276
51093,0.295
51095,0.269
51097,0.306
51099,0.281
51101,0.296
51103,0.295
51105,0.301
51107,0.249
51109,0.306
51111,0.305
51113,0.301
51115,0.273
51117,0.300
51119,0.279
51121,0.271
51125,0.263
51127,0.286
51131,0.285
51133,0.284
51135,0.317
51137,0.299
51139,0.291
51141,0.282
51143,0.291
51145,0.282
51147,0.305
51149,0.316
51153,0.277
51155,0.273
51157,0.268
51159,0.292
51161,0.269
51163,0.276
51165,0.285
51167,0.296
51169,0.285
51171,0.286
51173,0.293
51175,0.293
51177,0.285
51179,0.295
51181,0.301
51183,0.323
51185,0.290
51187,0.266
51191,0.283
51193,0.281
51195,0.304
51197,0.280
51199,0.277
51510,0.234
51515,0.287
51520,0.283
51530,0.282
51540,0.277
51550,0.279
51570,0.273
51580,0.282
51590,0.302
51595,0.304
51600,0.262
51610,0.270
51620,0.306
51630,0.298
51640,0.286
51650,0.319
51660,0.291
51670,0.307
51678,0.280
51680,0.302
51683,0.284
51685,0.289
51690,0.298
51700,0.306
51710,0.312
51720,0.278
51730,0.325
51735,0.284
51740,0.337
51750,0.278
51760,0.276
51770,0.314
51775,0.278
51790,0.281
51800,0.298
51810,0.274
51820,0.283
51830,0.279
51840,0.285
53001,0.323
53003,0.282
53005,0.298
53007,0.270
53009,0.273
53011,0.282
53013,0.298
53015,0.320
53017,0.280
53019,0.274
53021,0.297
53023,0.305
53025,0.300
53027,0.300
53029,0.267
53031,0.262
53033,0.249
53035,0.285
53037,0.271
53039,0.275
53041,0.298
53043,0.295
53045,0.297
53047,0.283
53049,0.311
53051,0.284
53053,0.293
53055,0.229
53057,0.275
53059,0.295
53061,0.282
53063,0.276
53065,0.275
53067,0.279
53069,0.290
53071,0.274
53073,0.263
53075,0.275
53077,0.296
54001,0.335
54003,0.342
54005,0.343
54007,0.346
54009,0.348
54011,0.345
54013,0.355
54015,0.367
54017,0.351
54019,0.343
54021,0.354
54023,0.343
54025,0.327
54027,0.347
54029,0.339
54031,0.336
54033,0.336
54035,0.350
54037,0.343
54039,0.333
54041,0.335
54043,0.366
54045,0.382
54047,0.359
54049,0.345
54051,0.334
54053,0.363
54055,0.345
54057,0.347
54059,0.350
54061,0.317
54063,0.331
54065,0.337
54067,0.344
54069,0.312
54071,0.350
54073,0.331
54075,0.329
54077,0.353
54079,0.323
54081,0.343
54083,0.339
54085,0.339
54087,0.358
54089,0.354
54091,0.340
54093,0.326
54095,0.346
54097,0.333
54099,0.353
54101,0.354
54103,0.353
54105,0.368
54107,0.334
54109,0.361
55001,0.300
55003,0.302
55005,0.313
55007,0.294
55009,0.296
55011,0.316
55013,0.302
55015,0.304
55017,0.298
55019,0.296
55021,0.316
55023,0.295
55025,0.273
55027,0.317
55029,0.304
55031,0.298
55033,0.293
55035,0.293
55037,0.301
55039,0.304
55041,0.299
55043,0.282
55045,0.291
55047,0.297
55049,0.290
55051,0.296
55053,0.306
55055,0.313
55057,0.297
55059,0.306
55061,0.307
55063,0.270
55065,0.301
55067,0.296
55069,0.295
55071,0.309
55073,0.291
55075,0.297
55077,0.297
55078,0.351
55079,0.306
55081,0.294
55083,0.296
55085,0.286
55087,0.302
55089,0.278
55091,0.289
55093,0.290
55095,0.309
55097,0.293
55099,0.292
55101,0.303
55103,0.307
55105,0.301
55107,0.300
55109,0.302
55111,0.293
55113,0.283
55115,0.306
55117,0.283
55119,0.295
55121,0.315
55123,0.290
55125,0.289
55127,0.279
55129,0.302
55131,0.286
55133,0.274
55135,0.300
55137,0.297
55139,0.298
55141,0.287
56001,0.248
56003,0.276
56005,0.303
56007,0.277
56009,0.288
56011,0.259
56013,0.267
56015,0.272
56017,0.265
56019,0.259
56021,0.268
56023,0.254
56025,0.275
56027,0.258
56029,0.245
56031,0.268
56033,0.267
56035,0.255
56037,0.276
56039,0.205
56041,0.288
56043,0.260
56045,0.296
